Area,Perimeter,AspectRatio,Extent,Solidity,EquivalentDiameter
270000.0,3597.6568542494924,1.0050272987874782,0.75,0.75,586.3230142835039
